Gene,Gene Name,log_2 fold change
"<a href=""https://www.ensembl.org/Multi/Search/Results?q=ENSG00000146648"" target=""_blank"">ENSG00000146648</a>",EGFR,8.2
"<a href=""https://www.ensembl.org/Multi/Search/Results?q=ENSG00000188785"" target=""_blank"">ENSG00000188785</a>",ZNF548,5.3
"<a href=""https://www.ensembl.org/Multi/Search/Results?q=ENSG00000232128"" target=""_blank"">ENSG00000232128</a>",MTCO3P45,4.8
"<a href=""https://www.ensembl.org/Multi/Search/Results?q=ENSG00000184786"" target=""_blank"">ENSG00000184786</a>",DYNLT2,4.699999999999999
"<a href=""https://www.ensembl.org/Multi/Search/Results?q=ENSG00000235408"" target=""_blank"">ENSG00000235408</a>",SNORA71B,4.4
"<a href=""https://www.ensembl.org/Multi/Search/Results?q=ENSG00000204397"" target=""_blank"">ENSG00000204397</a>",CARD16,4.3
"<a href=""https://www.ensembl.org/Multi/Search/Results?q=ENSG00000134186"" target=""_blank"">ENSG00000134186</a>",PRPF38B,4.3
"<a href=""https://www.ensembl.org/Multi/Search/Results?q=ENSG00000138061"" target=""_blank"">ENSG00000138061</a>",CYP1B1,4.1
"<a href=""https://www.ensembl.org/Multi/Search/Results?q=ENSG00000123219"" target=""_blank"">ENSG00000123219</a>",CENPK,3.8000000000000003
"<a href=""https://www.ensembl.org/Multi/Search/Results?q=ENSG00000189144"" target=""_blank"">ENSG00000189144</a>",ZNF573,3.8
"<a href=""https://www.ensembl.org/Multi/Search/Results?q=ENSG00000166046"" target=""_blank"">ENSG00000166046</a>",TCP11L2,3.8
"<a href=""https://www.ensembl.org/Multi/Search/Results?q=ENSG00000132164"" target=""_blank"">ENSG00000132164</a>",SLC6A11,3.8
"<a href=""https://www.ensembl.org/Multi/Search/Results?q=ENSG00000102218"" target=""_blank"">ENSG00000102218</a>",RP2,3.8
"<a href=""https://www.ensembl.org/Multi/Search/Results?q=ENSG00000163564"" target=""_blank"">ENSG00000163564</a>",PYHIN1,3.8
"<a href=""https://www.ensembl.org/Multi/Search/Results?q=ENSG00000176731"" target=""_blank"">ENSG00000176731</a>",RBIS,3.8
"<a href=""https://www.ensembl.org/Multi/Search/Results?q=ENSG00000139687"" target=""_blank"">ENSG00000139687</a>",RB1,3.8
"<a href=""https://www.ensembl.org/Multi/Search/Results?q=ENSG00000121552"" target=""_blank"">ENSG00000121552</a>",CSTA,3.7
"<a href=""https://www.ensembl.org/Multi/Search/Results?q=ENSG00000225016"" target=""_blank"">ENSG00000225016</a>",LINC00328-2P,3.7
"<a href=""https://www.ensembl.org/Multi/Search/Results?q=ENSG00000124813"" target=""_blank"">ENSG00000124813</a>",RUNX2,3.6
"<a href=""https://www.ensembl.org/Multi/Search/Results?q=ENSG00000155304"" target=""_blank"">ENSG00000155304</a>",HSPA13,3.6
"<a href=""https://www.ensembl.org/Multi/Search/Results?q=ENSG00000119888"" target=""_blank"">ENSG00000119888</a>",EPCAM,3.6
"<a href=""https://www.ensembl.org/Multi/Search/Results?q=ENSG00000168229"" target=""_blank"">ENSG00000168229</a>",PTGDR,3.5999999999999996
"<a href=""https://www.ensembl.org/Multi/Search/Results?q=ENSG00000230068"" target=""_blank"">ENSG00000230068</a>",CDC42-IT1,3.5
"<a href=""https://www.ensembl.org/Multi/Search/Results?q=ENSG00000175206"" target=""_blank"">ENSG00000175206</a>",NPPA,3.5
"<a href=""https://www.ensembl.org/Multi/Search/Results?q=ENSG00000154589"" target=""_blank"">ENSG00000154589</a>",LY96,3.5
"<a href=""https://www.ensembl.org/Multi/Search/Results?q=ENSG00000265828"" target=""_blank"">ENSG00000265828</a>",MIR3939,3.4000000000000004
"<a href=""https://www.ensembl.org/Multi/Search/Results?q=ENSG00000169429"" target=""_blank"">ENSG00000169429</a>",CXCL8,3.4000000000000004
"<a href=""https://www.ensembl.org/Multi/Search/Results?q=ENSG00000178074"" target=""_blank"">ENSG00000178074</a>",C2orf69,3.4
"<a href=""https://www.ensembl.org/Multi/Search/Results?q=ENSG00000134242"" target=""_blank"">ENSG00000134242</a>",PTPN22,3.4
"<a href=""https://www.ensembl.org/Multi/Search/Results?q=ENSG00000119616"" target=""_blank"">ENSG00000119616</a>",FCF1,3.4
"<a href=""https://www.ensembl.org/Multi/Search/Results?q=ENSG00000206014"" target=""_blank"">ENSG00000206014</a>",OR7E161P,3.3
"<a href=""https://www.ensembl.org/Multi/Search/Results?q=ENSG00000199895"" target=""_blank"">ENSG00000199895</a>",Y_RNA,3.3
"<a href=""https://www.ensembl.org/Multi/Search/Results?q=ENSG00000197780"" target=""_blank"">ENSG00000197780</a>",TAF13,3.3
"<a href=""https://www.ensembl.org/Multi/Search/Results?q=ENSG00000100483"" target=""_blank"">ENSG00000100483</a>",VCPKMT,3.3
"<a href=""https://www.ensembl.org/Multi/Search/Results?q=ENSG00000155307"" target=""_blank"">ENSG00000155307</a>",SAMSN1,3.3
"<a href=""https://www.ensembl.org/Multi/Search/Results?q=ENSG00000212283"" target=""_blank"">ENSG00000212283</a>",SNORD89,3.2
"<a href=""https://www.ensembl.org/Multi/Search/Results?q=ENSG00000084110"" target=""_blank"">ENSG00000084110</a>",HAL,3.2
"<a href=""https://www.ensembl.org/Multi/Search/Results?q=ENSG00000100583"" target=""_blank"">ENSG00000100583</a>",SAMD15,3.2
"<a href=""https://www.ensembl.org/Multi/Search/Results?q=ENSG00000158258"" target=""_blank"">ENSG00000158258</a>",CLSTN2,3.2
"<a href=""https://www.ensembl.org/Multi/Search/Results?q=ENSG00000137673"" target=""_blank"">ENSG00000137673</a>",MMP7,3.2
"<a href=""https://www.ensembl.org/Multi/Search/Results?q=ENSG00000130856"" target=""_blank"">ENSG00000130856</a>",ZNF236,3.2
"<a href=""https://www.ensembl.org/Multi/Search/Results?q=ENSG00000173930"" target=""_blank"">ENSG00000173930</a>",SLCO4C1,3.0999999999999996
"<a href=""https://www.ensembl.org/Multi/Search/Results?q=ENSG00000198964"" target=""_blank"">ENSG00000198964</a>",SGMS1,3.0999999999999996
"<a href=""https://www.ensembl.org/Multi/Search/Results?q=ENSG00000205269"" target=""_blank"">ENSG00000205269</a>",TMEM170B,3.0999999999999996
"<a href=""https://www.ensembl.org/Multi/Search/Results?q=ENSG00000109272"" target=""_blank"">ENSG00000109272</a>",PF4V1,3.0999999999999996
"<a href=""https://www.ensembl.org/Multi/Search/Results?q=ENSG00000199217"" target=""_blank"">ENSG00000199217</a>",RNU6-1123P,3.0
"<a href=""https://www.ensembl.org/Multi/Search/Results?q=ENSG00000153922"" target=""_blank"">ENSG00000153922</a>",CHD1,3.0
"<a href=""https://www.ensembl.org/Multi/Search/Results?q=ENSG00000013573"" target=""_blank"">ENSG00000013573</a>",DDX11,3.0
"<a href=""https://www.ensembl.org/Multi/Search/Results?q=ENSG00000274602"" target=""_blank"">ENSG00000274602</a>",PI4KAP1,3.0
"<a href=""https://www.ensembl.org/Multi/Search/Results?q=ENSG00000196436"" target=""_blank"">ENSG00000196436</a>",NPIPB15,2.9
"<a href=""https://www.ensembl.org/Multi/Search/Results?q=ENSG00000232022"" target=""_blank"">ENSG00000232022</a>",FAAHP1,2.9
"<a href=""https://www.ensembl.org/Multi/Search/Results?q=ENSG00000235855"" target=""_blank"">ENSG00000235855</a>",OR7E145P,2.9
"<a href=""https://www.ensembl.org/Multi/Search/Results?q=ENSG00000239035"" target=""_blank"">ENSG00000239035</a>",SNORD13D,2.8
"<a href=""https://www.ensembl.org/Multi/Search/Results?q=ENSG00000168993"" target=""_blank"">ENSG00000168993</a>",CPLX1,2.8
"<a href=""https://www.ensembl.org/Multi/Search/Results?q=ENSG00000241598"" target=""_blank"">ENSG00000241598</a>",KRTAP5-4,2.8
"<a href=""https://www.ensembl.org/Multi/Search/Results?q=ENSG00000200877"" target=""_blank"">ENSG00000200877</a>",RNU6-560P,2.8
"<a href=""https://www.ensembl.org/Multi/Search/Results?q=ENSG00000205867"" target=""_blank"">ENSG00000205867</a>",KRTAP5-2,2.7
"<a href=""https://www.ensembl.org/Multi/Search/Results?q=ENSG00000106483"" target=""_blank"">ENSG00000106483</a>",SFRP4,2.6
"<a href=""https://www.ensembl.org/Multi/Search/Results?q=ENSG00000254681"" target=""_blank"">ENSG00000254681</a>",PKD1P5,2.6
"<a href=""https://www.ensembl.org/Multi/Search/Results?q=ENSG00000200575"" target=""_blank"">ENSG00000200575</a>",RNU6-414P,2.6
"<a href=""https://www.ensembl.org/Multi/Search/Results?q=ENSG00000207247"" target=""_blank"">ENSG00000207247</a>",Y_RNA,2.6
"<a href=""https://www.ensembl.org/Multi/Search/Results?q=ENSG00000199350"" target=""_blank"">ENSG00000199350</a>",RNA5SP432,2.6
"<a href=""https://www.ensembl.org/Multi/Search/Results?q=ENSG00000199489"" target=""_blank"">ENSG00000199489</a>",SNORD115-25,2.6
"<a href=""https://www.ensembl.org/Multi/Search/Results?q=ENSG00000249861"" target=""_blank"">ENSG00000249861</a>",LGALS16,2.6
"<a href=""https://www.ensembl.org/Multi/Search/Results?q=ENSG00000210196"" target=""_blank"">ENSG00000210196</a>",MT-TP,2.6
"<a href=""https://www.ensembl.org/Multi/Search/Results?q=ENSG00000244411"" target=""_blank"">ENSG00000244411</a>",KRTAP5-7,2.5
"<a href=""https://www.ensembl.org/Multi/Search/Results?q=ENSG00000184055"" target=""_blank"">ENSG00000184055</a>",OR7E87P,2.5
"<a href=""https://www.ensembl.org/Multi/Search/Results?q=ENSG00000200702"" target=""_blank"">ENSG00000200702</a>",Y_RNA,2.5
"<a href=""https://www.ensembl.org/Multi/Search/Results?q=ENSG00000201843"" target=""_blank"">ENSG00000201843</a>",Y_RNA,2.5
"<a href=""https://www.ensembl.org/Multi/Search/Results?q=ENSG00000199240"" target=""_blank"">ENSG00000199240</a>",RNA5SP46,2.4
"<a href=""https://www.ensembl.org/Multi/Search/Results?q=ENSG00000207417"" target=""_blank"">ENSG00000207417</a>",Y_RNA,2.4
"<a href=""https://www.ensembl.org/Multi/Search/Results?q=ENSG00000134765"" target=""_blank"">ENSG00000134765</a>",DSC1,2.4
"<a href=""https://www.ensembl.org/Multi/Search/Results?q=ENSG00000202261"" target=""_blank"">ENSG00000202261</a>",SNORD115-44,2.4
"<a href=""https://www.ensembl.org/Multi/Search/Results?q=ENSG00000180105"" target=""_blank"">ENSG00000180105</a>",ACER2P1,2.4
"<a href=""https://www.ensembl.org/Multi/Search/Results?q=ENSG00000252199"" target=""_blank"">ENSG00000252199</a>",SNORA70,2.4
"<a href=""https://www.ensembl.org/Multi/Search/Results?q=ENSG00000214814"" target=""_blank"">ENSG00000214814</a>",FER1L6,2.3
"<a href=""https://www.ensembl.org/Multi/Search/Results?q=ENSG00000181163"" target=""_blank"">ENSG00000181163</a>",NPM1,2.3
"<a href=""https://www.ensembl.org/Multi/Search/Results?q=ENSG00000120647"" target=""_blank"">ENSG00000120647</a>",CCDC77,2.3
"<a href=""https://www.ensembl.org/Multi/Search/Results?q=ENSG00000166206"" target=""_blank"">ENSG00000166206</a>",GABRB3,2.3
"<a href=""https://www.ensembl.org/Multi/Search/Results?q=ENSG00000137221"" target=""_blank"">ENSG00000137221</a>",TJAP1,2.3
"<a href=""https://www.ensembl.org/Multi/Search/Results?q=ENSG00000239175"" target=""_blank"">ENSG00000239175</a>",RNU6-1218P,2.3
"<a href=""https://www.ensembl.org/Multi/Search/Results?q=ENSG00000199204"" target=""_blank"">ENSG00000199204</a>",Y_RNA,2.3
"<a href=""https://www.ensembl.org/Multi/Search/Results?q=ENSG00000179994"" target=""_blank"">ENSG00000179994</a>",SPDYE7P,2.3
"<a href=""https://www.ensembl.org/Multi/Search/Results?q=ENSG00000204572"" target=""_blank"">ENSG00000204572</a>",KRTAP5-10,2.3
"<a href=""https://www.ensembl.org/Multi/Search/Results?q=ENSG00000102076"" target=""_blank"">ENSG00000102076</a>",OPN1LW,2.3
"<a href=""https://www.ensembl.org/Multi/Search/Results?q=ENSG00000100033"" target=""_blank"">ENSG00000100033</a>",PRODH,2.3
"<a href=""https://www.ensembl.org/Multi/Search/Results?q=ENSG00000201356"" target=""_blank"">ENSG00000201356</a>",RNA5SP500,2.3
"<a href=""https://www.ensembl.org/Multi/Search/Results?q=ENSG00000207114"" target=""_blank"">ENSG00000207114</a>",RNU6-348P,2.3
"<a href=""https://www.ensembl.org/Multi/Search/Results?q=ENSG00000100473"" target=""_blank"">ENSG00000100473</a>",COCH,2.3
"<a href=""https://www.ensembl.org/Multi/Search/Results?q=ENSG00000262085"" target=""_blank"">ENSG00000262085</a>",OR1P1,2.2
"<a href=""https://www.ensembl.org/Multi/Search/Results?q=ENSG00000068885"" target=""_blank"">ENSG00000068885</a>",IFT80,2.2
"<a href=""https://www.ensembl.org/Multi/Search/Results?q=ENSG00000206999"" target=""_blank"">ENSG00000206999</a>",RNU6-622P,2.2
"<a href=""https://www.ensembl.org/Multi/Search/Results?q=ENSG00000200593"" target=""_blank"">ENSG00000200593</a>",SNORD115-33,2.2
"<a href=""https://www.ensembl.org/Multi/Search/Results?q=ENSG00000202306"" target=""_blank"">ENSG00000202306</a>",Y_RNA,2.2
"<a href=""https://www.ensembl.org/Multi/Search/Results?q=ENSG00000202318"" target=""_blank"">ENSG00000202318</a>",Y_RNA,2.2
"<a href=""https://www.ensembl.org/Multi/Search/Results?q=ENSG00000200478"" target=""_blank"">ENSG00000200478</a>",SNORD115-41,2.2
"<a href=""https://www.ensembl.org/Multi/Search/Results?q=ENSG00000200485"" target=""_blank"">ENSG00000200485</a>",Y_RNA,2.2
"<a href=""https://www.ensembl.org/Multi/Search/Results?q=ENSG00000206816"" target=""_blank"">ENSG00000206816</a>",Y_RNA,2.2
"<a href=""https://www.ensembl.org/Multi/Search/Results?q=ENSG00000254997"" target=""_blank"">ENSG00000254997</a>",KRTAP5-9,2.2
"<a href=""https://www.ensembl.org/Multi/Search/Results?q=ENSG00000266976"" target=""_blank"">ENSG00000266976</a>",ERVE-5,2.2
"<a href=""https://www.ensembl.org/Multi/Search/Results?q=ENSG00000213416"" target=""_blank"">ENSG00000213416</a>",KRTAP4-12,2.2
"<a href=""https://www.ensembl.org/Multi/Search/Results?q=ENSG00000252521"" target=""_blank"">ENSG00000252521</a>",RNU5D-2P,2.2
"<a href=""https://www.ensembl.org/Multi/Search/Results?q=ENSG00000252826"" target=""_blank"">ENSG00000252826</a>",RNVU1-23,2.2
"<a href=""https://www.ensembl.org/Multi/Search/Results?q=ENSG00000179817"" target=""_blank"">ENSG00000179817</a>",MRGPRX4,2.2
"<a href=""https://www.ensembl.org/Multi/Search/Results?q=ENSG00000207455"" target=""_blank"">ENSG00000207455</a>",RNU6-331P,2.2
"<a href=""https://www.ensembl.org/Multi/Search/Results?q=ENSG00000283170"" target=""_blank"">ENSG00000283170</a>",MIR382,2.2
"<a href=""https://www.ensembl.org/Multi/Search/Results?q=ENSG00000206660"" target=""_blank"">ENSG00000206660</a>",Y_RNA,2.2
"<a href=""https://www.ensembl.org/Multi/Search/Results?q=ENSG00000162998"" target=""_blank"">ENSG00000162998</a>",FRZB,2.2
"<a href=""https://www.ensembl.org/Multi/Search/Results?q=ENSG00000215454"" target=""_blank"">ENSG00000215454</a>",KRTAP10-4,2.2
"<a href=""https://www.ensembl.org/Multi/Search/Results?q=ENSG00000175826"" target=""_blank"">ENSG00000175826</a>",CTDNEP1,2.2
"<a href=""https://www.ensembl.org/Multi/Search/Results?q=ENSG00000239555"" target=""_blank"">ENSG00000239555</a>",RN7SL841P,2.2
"<a href=""https://www.ensembl.org/Multi/Search/Results?q=ENSG00000033178"" target=""_blank"">ENSG00000033178</a>",UBA6,2.1
"<a href=""https://www.ensembl.org/Multi/Search/Results?q=ENSG00000197125"" target=""_blank"">ENSG00000197125</a>",OR8B8,2.1
"<a href=""https://www.ensembl.org/Multi/Search/Results?q=ENSG00000183091"" target=""_blank"">ENSG00000183091</a>",NEB,2.1
"<a href=""https://www.ensembl.org/Multi/Search/Results?q=ENSG00000199936"" target=""_blank"">ENSG00000199936</a>",Y_RNA,2.1
"<a href=""https://www.ensembl.org/Multi/Search/Results?q=ENSG00000169894"" target=""_blank"">ENSG00000169894</a>",MUC3A,2.1
"<a href=""https://www.ensembl.org/Multi/Search/Results?q=ENSG00000163468"" target=""_blank"">ENSG00000163468</a>",CCT3,2.1
"<a href=""https://www.ensembl.org/Multi/Search/Results?q=ENSG00000179170"" target=""_blank"">ENSG00000179170</a>",OR7E97P,2.1
"<a href=""https://www.ensembl.org/Multi/Search/Results?q=ENSG00000222859"" target=""_blank"">ENSG00000222859</a>",RN7SKP136,2.1
"<a href=""https://www.ensembl.org/Multi/Search/Results?q=ENSG00000171396"" target=""_blank"">ENSG00000171396</a>",KRTAP4-4,2.1
"<a href=""https://www.ensembl.org/Multi/Search/Results?q=ENSG00000165810"" target=""_blank"">ENSG00000165810</a>",BTNL9,2.1
"<a href=""https://www.ensembl.org/Multi/Search/Results?q=ENSG00000230910"" target=""_blank"">ENSG00000230910</a>",ADGRB3-DT,2.1
"<a href=""https://www.ensembl.org/Multi/Search/Results?q=ENSG00000244056"" target=""_blank"">ENSG00000244056</a>",RN7SL417P,2.1
"<a href=""https://www.ensembl.org/Multi/Search/Results?q=ENSG00000241123"" target=""_blank"">ENSG00000241123</a>",KRTAP10-5,2.1
"<a href=""https://www.ensembl.org/Multi/Search/Results?q=ENSG00000240053"" target=""_blank"">ENSG00000240053</a>",LY6G5B,2.1
"<a href=""https://www.ensembl.org/Multi/Search/Results?q=ENSG00000279263"" target=""_blank"">ENSG00000279263</a>",OR2L8,2.1
"<a href=""https://www.ensembl.org/Multi/Search/Results?q=ENSG00000275302"" target=""_blank"">ENSG00000275302</a>",CCL4,2.1
"<a href=""https://www.ensembl.org/Multi/Search/Results?q=ENSG00000262585"" target=""_blank"">ENSG00000262585</a>",LINC01979,2.1
"<a href=""https://www.ensembl.org/Multi/Search/Results?q=ENSG00000265885"" target=""_blank"">ENSG00000265885</a>",RN7SL783P,2.1
"<a href=""https://www.ensembl.org/Multi/Search/Results?q=ENSG00000064787"" target=""_blank"">ENSG00000064787</a>",BCAS1,2.0
"<a href=""https://www.ensembl.org/Multi/Search/Results?q=ENSG00000095319"" target=""_blank"">ENSG00000095319</a>",NUP188,2.0
"<a href=""https://www.ensembl.org/Multi/Search/Results?q=ENSG00000205277"" target=""_blank"">ENSG00000205277</a>",MUC12,2.0
"<a href=""https://www.ensembl.org/Multi/Search/Results?q=ENSG00000240199"" target=""_blank"">ENSG00000240199</a>",RN7SL520P,2.0
"<a href=""https://www.ensembl.org/Multi/Search/Results?q=ENSG00000102081"" target=""_blank"">ENSG00000102081</a>",FMR1,2.0
"<a href=""https://www.ensembl.org/Multi/Search/Results?q=ENSG00000162949"" target=""_blank"">ENSG00000162949</a>",CAPN13,2.0
"<a href=""https://www.ensembl.org/Multi/Search/Results?q=ENSG00000157064"" target=""_blank"">ENSG00000157064</a>",NMNAT2,2.0
"<a href=""https://www.ensembl.org/Multi/Search/Results?q=ENSG00000249437"" target=""_blank"">ENSG00000249437</a>",NAIP,2.0
"<a href=""https://www.ensembl.org/Multi/Search/Results?q=ENSG00000207814"" target=""_blank"">ENSG00000207814</a>",MIR147A,2.0
"<a href=""https://www.ensembl.org/Multi/Search/Results?q=ENSG00000200718"" target=""_blank"">ENSG00000200718</a>",RN7SKP103,2.0
"<a href=""https://www.ensembl.org/Multi/Search/Results?q=ENSG00000109452"" target=""_blank"">ENSG00000109452</a>",INPP4B,2.0
"<a href=""https://www.ensembl.org/Multi/Search/Results?q=ENSG00000203485"" target=""_blank"">ENSG00000203485</a>",INF2,2.0
"<a href=""https://www.ensembl.org/Multi/Search/Results?q=ENSG00000204571"" target=""_blank"">ENSG00000204571</a>",KRTAP5-11,2.0
"<a href=""https://www.ensembl.org/Multi/Search/Results?q=ENSG00000214575"" target=""_blank"">ENSG00000214575</a>",CPEB1,2.0
"<a href=""https://www.ensembl.org/Multi/Search/Results?q=ENSG00000168522"" target=""_blank"">ENSG00000168522</a>",FNTA,2.0
"<a href=""https://www.ensembl.org/Multi/Search/Results?q=ENSG00000222405"" target=""_blank"">ENSG00000222405</a>",RNU4-65P,2.0
"<a href=""https://www.ensembl.org/Multi/Search/Results?q=ENSG00000221864"" target=""_blank"">ENSG00000221864</a>",KRTAP12-2,2.0
"<a href=""https://www.ensembl.org/Multi/Search/Results?q=ENSG00000274512"" target=""_blank"">ENSG00000274512</a>",TBC1D3L,2.0
"<a href=""https://www.ensembl.org/Multi/Search/Results?q=ENSG00000263006"" target=""_blank"">ENSG00000263006</a>",ROCK1P1,2.0
"<a href=""https://www.ensembl.org/Multi/Search/Results?q=ENSG00000137449"" target=""_blank"">ENSG00000137449</a>",CPEB2,2.0
"<a href=""https://www.ensembl.org/Multi/Search/Results?q=ENSG00000166762"" target=""_blank"">ENSG00000166762</a>",CATSPER2,2.0
"<a href=""https://www.ensembl.org/Multi/Search/Results?q=ENSG00000118454"" target=""_blank"">ENSG00000118454</a>",ANKRD13C,1.9
"<a href=""https://www.ensembl.org/Multi/Search/Results?q=ENSG00000242752"" target=""_blank"">ENSG00000242752</a>",NMTRQ-TTG12-1,1.9
"<a href=""https://www.ensembl.org/Multi/Search/Results?q=ENSG00000196482"" target=""_blank"">ENSG00000196482</a>",ESRRG,1.9
"<a href=""https://www.ensembl.org/Multi/Search/Results?q=ENSG00000207713"" target=""_blank"">ENSG00000207713</a>",MIR200C,1.9
"<a href=""https://www.ensembl.org/Multi/Search/Results?q=ENSG00000207291"" target=""_blank"">ENSG00000207291</a>",RNU6-30P,1.9
"<a href=""https://www.ensembl.org/Multi/Search/Results?q=ENSG00000154856"" target=""_blank"">ENSG00000154856</a>",APCDD1,1.9
"<a href=""https://www.ensembl.org/Multi/Search/Results?q=ENSG00000200114"" target=""_blank"">ENSG00000200114</a>",RNA5SP123,1.9
"<a href=""https://www.ensembl.org/Multi/Search/Results?q=ENSG00000155100"" target=""_blank"">ENSG00000155100</a>",OTUD6B,1.9
"<a href=""https://www.ensembl.org/Multi/Search/Results?q=ENSG00000133641"" target=""_blank"">ENSG00000133641</a>",RLIG1,1.9
"<a href=""https://www.ensembl.org/Multi/Search/Results?q=ENSG00000134330"" target=""_blank"">ENSG00000134330</a>",IAH1,1.9
"<a href=""https://www.ensembl.org/Multi/Search/Results?q=ENSG00000205869"" target=""_blank"">ENSG00000205869</a>",KRTAP5-1,1.9
"<a href=""https://www.ensembl.org/Multi/Search/Results?q=ENSG00000172469"" target=""_blank"">ENSG00000172469</a>",MANEA,1.9
"<a href=""https://www.ensembl.org/Multi/Search/Results?q=ENSG00000169554"" target=""_blank"">ENSG00000169554</a>",ZEB2,1.9
"<a href=""https://www.ensembl.org/Multi/Search/Results?q=ENSG00000132698"" target=""_blank"">ENSG00000132698</a>",RAB25,1.9
"<a href=""https://www.ensembl.org/Multi/Search/Results?q=ENSG00000214880"" target=""_blank"">ENSG00000214880</a>",OR7E5P,1.9
"<a href=""https://www.ensembl.org/Multi/Search/Results?q=ENSG00000176951"" target=""_blank"">ENSG00000176951</a>",OR51N1P,1.9
"<a href=""https://www.ensembl.org/Multi/Search/Results?q=ENSG00000232406"" target=""_blank"">ENSG00000232406</a>",EPB41L1-AS1,1.9
"<a href=""https://www.ensembl.org/Multi/Search/Results?q=ENSG00000164398"" target=""_blank"">ENSG00000164398</a>",ACSL6,1.9
"<a href=""https://www.ensembl.org/Multi/Search/Results?q=ENSG00000182531"" target=""_blank"">ENSG00000182531</a>",OR7E115P,1.9
"<a href=""https://www.ensembl.org/Multi/Search/Results?q=ENSG00000189042"" target=""_blank"">ENSG00000189042</a>",ZNF567,1.9
"<a href=""https://www.ensembl.org/Multi/Search/Results?q=ENSG00000167608"" target=""_blank"">ENSG00000167608</a>",TMC4,1.9
"<a href=""https://www.ensembl.org/Multi/Search/Results?q=ENSG00000197670"" target=""_blank"">ENSG00000197670</a>",ZNF217-AS1,1.9
"<a href=""https://www.ensembl.org/Multi/Search/Results?q=ENSG00000128342"" target=""_blank"">ENSG00000128342</a>",LIF,1.9
"<a href=""https://www.ensembl.org/Multi/Search/Results?q=ENSG00000201643"" target=""_blank"">ENSG00000201643</a>",SNORA14A,1.9
"<a href=""https://www.ensembl.org/Multi/Search/Results?q=ENSG00000153230"" target=""_blank"">ENSG00000153230</a>",OR14K1,1.9
"<a href=""https://www.ensembl.org/Multi/Search/Results?q=ENSG00000152154"" target=""_blank"">ENSG00000152154</a>",TMEM178A,1.9
"<a href=""https://www.ensembl.org/Multi/Search/Results?q=ENSG00000105700"" target=""_blank"">ENSG00000105700</a>",KXD1,1.9
"<a href=""https://www.ensembl.org/Multi/Search/Results?q=ENSG00000284736"" target=""_blank"">ENSG00000284736</a>",RNA5SP343,1.9
"<a href=""https://www.ensembl.org/Multi/Search/Results?q=ENSG00000089053"" target=""_blank"">ENSG00000089053</a>",ANAPC5,1.9
"<a href=""https://www.ensembl.org/Multi/Search/Results?q=ENSG00000264767"" target=""_blank"">ENSG00000264767</a>",RN7SL237P,1.9
"<a href=""https://www.ensembl.org/Multi/Search/Results?q=ENSG00000077274"" target=""_blank"">ENSG00000077274</a>",CAPN6,1.9
"<a href=""https://www.ensembl.org/Multi/Search/Results?q=ENSG00000243660"" target=""_blank"">ENSG00000243660</a>",ZNF487,1.9
"<a href=""https://www.ensembl.org/Multi/Search/Results?q=ENSG00000114270"" target=""_blank"">ENSG00000114270</a>",COL7A1,1.9
"<a href=""https://www.ensembl.org/Multi/Search/Results?q=ENSG00000166368"" target=""_blank"">ENSG00000166368</a>",OR2D2,1.9
"<a href=""https://www.ensembl.org/Multi/Search/Results?q=ENSG00000212527"" target=""_blank"">ENSG00000212527</a>",RNA5SP63,1.9
"<a href=""https://www.ensembl.org/Multi/Search/Results?q=ENSG00000145681"" target=""_blank"">ENSG00000145681</a>",HAPLN1,1.8
"<a href=""https://www.ensembl.org/Multi/Search/Results?q=ENSG00000234386"" target=""_blank"">ENSG00000234386</a>",OR7E162P,1.8
"<a href=""https://www.ensembl.org/Multi/Search/Results?q=ENSG00000207167"" target=""_blank"">ENSG00000207167</a>",RNU6-1340P,1.8
"<a href=""https://www.ensembl.org/Multi/Search/Results?q=ENSG00000111445"" target=""_blank"">ENSG00000111445</a>",RFC5,1.8
"<a href=""https://www.ensembl.org/Multi/Search/Results?q=ENSG00000111261"" target=""_blank"">ENSG00000111261</a>",MANSC1,1.8
"<a href=""https://www.ensembl.org/Multi/Search/Results?q=ENSG00000252594"" target=""_blank"">ENSG00000252594</a>",RNU6-656P,1.8
"<a href=""https://www.ensembl.org/Multi/Search/Results?q=ENSG00000252086"" target=""_blank"">ENSG00000252086</a>",RNA5SP76,1.8
"<a href=""https://www.ensembl.org/Multi/Search/Results?q=ENSG00000198753"" target=""_blank"">ENSG00000198753</a>",PLXNB3,1.8
"<a href=""https://www.ensembl.org/Multi/Search/Results?q=ENSG00000200997"" target=""_blank"">ENSG00000200997</a>",RNVU1-34,1.8
"<a href=""https://www.ensembl.org/Multi/Search/Results?q=ENSG00000200097"" target=""_blank"">ENSG00000200097</a>",RNU6-1167P,1.8
"<a href=""https://www.ensembl.org/Multi/Search/Results?q=ENSG00000152926"" target=""_blank"">ENSG00000152926</a>",ZNF117,1.8
"<a href=""https://www.ensembl.org/Multi/Search/Results?q=ENSG00000154803"" target=""_blank"">ENSG00000154803</a>",FLCN,1.8
"<a href=""https://www.ensembl.org/Multi/Search/Results?q=ENSG00000202200"" target=""_blank"">ENSG00000202200</a>",Y_RNA,1.8
"<a href=""https://www.ensembl.org/Multi/Search/Results?q=ENSG00000265386"" target=""_blank"">ENSG00000265386</a>",RN7SL219P,1.8
"<a href=""https://www.ensembl.org/Multi/Search/Results?q=ENSG00000064933"" target=""_blank"">ENSG00000064933</a>",PMS1,1.8
"<a href=""https://www.ensembl.org/Multi/Search/Results?q=ENSG00000104435"" target=""_blank"">ENSG00000104435</a>",STMN2,1.8
"<a href=""https://www.ensembl.org/Multi/Search/Results?q=ENSG00000078098"" target=""_blank"">ENSG00000078098</a>",FAP,1.8
"<a href=""https://www.ensembl.org/Multi/Search/Results?q=ENSG00000089916"" target=""_blank"">ENSG00000089916</a>",GPATCH2L,1.8
"<a href=""https://www.ensembl.org/Multi/Search/Results?q=ENSG00000201113"" target=""_blank"">ENSG00000201113</a>",RNU6-647P,1.8
"<a href=""https://www.ensembl.org/Multi/Search/Results?q=ENSG00000150054"" target=""_blank"">ENSG00000150054</a>",MPP7,1.8
"<a href=""https://www.ensembl.org/Multi/Search/Results?q=ENSG00000266720"" target=""_blank"">ENSG00000266720</a>",RN7SL14P,1.8
"<a href=""https://www.ensembl.org/Multi/Search/Results?q=ENSG00000162604"" target=""_blank"">ENSG00000162604</a>",TM2D1,1.8
"<a href=""https://www.ensembl.org/Multi/Search/Results?q=ENSG00000160183"" target=""_blank"">ENSG00000160183</a>",TMPRSS3,1.8
"<a href=""https://www.ensembl.org/Multi/Search/Results?q=ENSG00000253042"" target=""_blank"">ENSG00000253042</a>",SNORA70,1.8
"<a href=""https://www.ensembl.org/Multi/Search/Results?q=ENSG00000189050"" target=""_blank"">ENSG00000189050</a>",RNFT1,1.8
"<a href=""https://www.ensembl.org/Multi/Search/Results?q=ENSG00000225914"" target=""_blank"">ENSG00000225914</a>",TSBP1-AS1,1.8
"<a href=""https://www.ensembl.org/Multi/Search/Results?q=ENSG00000164125"" target=""_blank"">ENSG00000164125</a>",GASK1B,1.8
"<a href=""https://www.ensembl.org/Multi/Search/Results?q=ENSG00000187223"" target=""_blank"">ENSG00000187223</a>",LCE2D,1.8
"<a href=""https://www.ensembl.org/Multi/Search/Results?q=ENSG00000197860"" target=""_blank"">ENSG00000197860</a>",SGTB,1.8
"<a href=""https://www.ensembl.org/Multi/Search/Results?q=ENSG00000113615"" target=""_blank"">ENSG00000113615</a>",SEC24A,1.8
"<a href=""https://www.ensembl.org/Multi/Search/Results?q=ENSG00000114166"" target=""_blank"">ENSG00000114166</a>",KAT2B,1.8
"<a href=""https://www.ensembl.org/Multi/Search/Results?q=ENSG00000125257"" target=""_blank"">ENSG00000125257</a>",ABCC4,1.8
"<a href=""https://www.ensembl.org/Multi/Search/Results?q=ENSG00000111554"" target=""_blank"">ENSG00000111554</a>",MDM1,1.8
"<a href=""https://www.ensembl.org/Multi/Search/Results?q=ENSG00000136960"" target=""_blank"">ENSG00000136960</a>",ENPP2,1.8
"<a href=""https://www.ensembl.org/Multi/Search/Results?q=ENSG00000136783"" target=""_blank"">ENSG00000136783</a>",NIPSNAP3A,1.8
"<a href=""https://www.ensembl.org/Multi/Search/Results?q=ENSG00000128791"" target=""_blank"">ENSG00000128791</a>",TWSG1,1.8
"<a href=""https://www.ensembl.org/Multi/Search/Results?q=ENSG00000166012"" target=""_blank"">ENSG00000166012</a>",TAF1D,1.8
"<a href=""https://www.ensembl.org/Multi/Search/Results?q=ENSG00000185940"" target=""_blank"">ENSG00000185940</a>",KRTAP5-5,1.8
"<a href=""https://www.ensembl.org/Multi/Search/Results?q=ENSG00000183044"" target=""_blank"">ENSG00000183044</a>",ABAT,1.8
"<a href=""https://www.ensembl.org/Multi/Search/Results?q=ENSG00000163291"" target=""_blank"">ENSG00000163291</a>",PAQR3,1.8
"<a href=""https://www.ensembl.org/Multi/Search/Results?q=ENSG00000226094"" target=""_blank"">ENSG00000226094</a>",RPL7P3,1.8
"<a href=""https://www.ensembl.org/Multi/Search/Results?q=ENSG00000188153"" target=""_blank"">ENSG00000188153</a>",COL4A5,1.8
"<a href=""https://www.ensembl.org/Multi/Search/Results?q=ENSG00000188112"" target=""_blank"">ENSG00000188112</a>",C6orf132,1.8
"<a href=""https://www.ensembl.org/Multi/Search/Results?q=ENSG00000188783"" target=""_blank"">ENSG00000188783</a>",PRELP,1.8
"<a href=""https://www.ensembl.org/Multi/Search/Results?q=ENSG00000169397"" target=""_blank"">ENSG00000169397</a>",RNASE3,1.8
"<a href=""https://www.ensembl.org/Multi/Search/Results?q=ENSG00000132958"" target=""_blank"">ENSG00000132958</a>",TPTE2,1.8
"<a href=""https://www.ensembl.org/Multi/Search/Results?q=ENSG00000223047"" target=""_blank"">ENSG00000223047</a>",RNU6-847P,1.8
"<a href=""https://www.ensembl.org/Multi/Search/Results?q=ENSG00000169994"" target=""_blank"">ENSG00000169994</a>",MYO7B,1.8
"<a href=""https://www.ensembl.org/Multi/Search/Results?q=ENSG00000177853"" target=""_blank"">ENSG00000177853</a>",ZNF518A,1.8
"<a href=""https://www.ensembl.org/Multi/Search/Results?q=ENSG00000181733"" target=""_blank"">ENSG00000181733</a>",OR2Z1,1.8
"<a href=""https://www.ensembl.org/Multi/Search/Results?q=ENSG00000180723"" target=""_blank"">ENSG00000180723</a>",OR51A9P,1.8
"<a href=""https://www.ensembl.org/Multi/Search/Results?q=ENSG00000181896"" target=""_blank"">ENSG00000181896</a>",ZNF101,1.8
"<a href=""https://www.ensembl.org/Multi/Search/Results?q=ENSG00000171631"" target=""_blank"">ENSG00000171631</a>",P2RY6,1.8
"<a href=""https://www.ensembl.org/Multi/Search/Results?q=ENSG00000206987"" target=""_blank"">ENSG00000206987</a>",U8,1.8
"<a href=""https://www.ensembl.org/Multi/Search/Results?q=ENSG00000005156"" target=""_blank"">ENSG00000005156</a>",LIG3,1.8
"<a href=""https://www.ensembl.org/Multi/Search/Results?q=ENSG00000172673"" target=""_blank"">ENSG00000172673</a>",THEMIS,1.8
"<a href=""https://www.ensembl.org/Multi/Search/Results?q=ENSG00000101888"" target=""_blank"">ENSG00000101888</a>",NXT2,1.8
"<a href=""https://www.ensembl.org/Multi/Search/Results?q=ENSG00000267696"" target=""_blank"">ENSG00000267696</a>",ERVK-28,1.8
"<a href=""https://www.ensembl.org/Multi/Search/Results?q=ENSG00000267065"" target=""_blank"">ENSG00000267065</a>",LINC02080,1.8
"<a href=""https://www.ensembl.org/Multi/Search/Results?q=ENSG00000205864"" target=""_blank"">ENSG00000205864</a>",KRTAP5-6,1.8
"<a href=""https://www.ensembl.org/Multi/Search/Results?q=ENSG00000205847"" target=""_blank"">ENSG00000205847</a>",OR7E91P,1.8
"<a href=""https://www.ensembl.org/Multi/Search/Results?q=ENSG00000261115"" target=""_blank"">ENSG00000261115</a>",TMEM178B,1.7
"<a href=""https://www.ensembl.org/Multi/Search/Results?q=ENSG00000260357"" target=""_blank"">ENSG00000260357</a>",DNM1P34,1.7
"<a href=""https://www.ensembl.org/Multi/Search/Results?q=ENSG00000014123"" target=""_blank"">ENSG00000014123</a>",UFL1,1.7
"<a href=""https://www.ensembl.org/Multi/Search/Results?q=ENSG00000267519"" target=""_blank"">ENSG00000267519</a>",MIR23AHG,1.7
"<a href=""https://www.ensembl.org/Multi/Search/Results?q=ENSG00000123201"" target=""_blank"">ENSG00000123201</a>",GUCY1B2,1.7
"<a href=""https://www.ensembl.org/Multi/Search/Results?q=ENSG00000004799"" target=""_blank"">ENSG00000004799</a>",PDK4,1.7
"<a href=""https://www.ensembl.org/Multi/Search/Results?q=ENSG00000066557"" target=""_blank"">ENSG00000066557</a>",LRRC40,1.7
"<a href=""https://www.ensembl.org/Multi/Search/Results?q=ENSG00000206728"" target=""_blank"">ENSG00000206728</a>",Y_RNA,1.7
"<a href=""https://www.ensembl.org/Multi/Search/Results?q=ENSG00000203581"" target=""_blank"">ENSG00000203581</a>",OR1F2P,1.7
"<a href=""https://www.ensembl.org/Multi/Search/Results?q=ENSG00000177613"" target=""_blank"">ENSG00000177613</a>",CSTF2T,1.7
"<a href=""https://www.ensembl.org/Multi/Search/Results?q=ENSG00000175946"" target=""_blank"">ENSG00000175946</a>",KLHL38,1.7
"<a href=""https://www.ensembl.org/Multi/Search/Results?q=ENSG00000176290"" target=""_blank"">ENSG00000176290</a>",OR4K3,1.7
"<a href=""https://www.ensembl.org/Multi/Search/Results?q=ENSG00000177133"" target=""_blank"">ENSG00000177133</a>",PRDM16-DT,1.7
"<a href=""https://www.ensembl.org/Multi/Search/Results?q=ENSG00000222844"" target=""_blank"">ENSG00000222844</a>",RNU6-321P,1.7
"<a href=""https://www.ensembl.org/Multi/Search/Results?q=ENSG00000174206"" target=""_blank"">ENSG00000174206</a>",KICS2,1.7
"<a href=""https://www.ensembl.org/Multi/Search/Results?q=ENSG00000168615"" target=""_blank"">ENSG00000168615</a>",ADAM9,1.7
"<a href=""https://www.ensembl.org/Multi/Search/Results?q=ENSG00000182504"" target=""_blank"">ENSG00000182504</a>",CEP97,1.7
"<a href=""https://www.ensembl.org/Multi/Search/Results?q=ENSG00000133114"" target=""_blank"">ENSG00000133114</a>",GPALPP1,1.7
"<a href=""https://www.ensembl.org/Multi/Search/Results?q=ENSG00000224854"" target=""_blank"">ENSG00000224854</a>",CDKN2A-AS1,1.7
"<a href=""https://www.ensembl.org/Multi/Search/Results?q=ENSG00000133962"" target=""_blank"">ENSG00000133962</a>",CATSPERB,1.7
"<a href=""https://www.ensembl.org/Multi/Search/Results?q=ENSG00000154639"" target=""_blank"">ENSG00000154639</a>",CXADR,1.7
"<a href=""https://www.ensembl.org/Multi/Search/Results?q=ENSG00000108599"" target=""_blank"">ENSG00000108599</a>",AKAP10,1.7
"<a href=""https://www.ensembl.org/Multi/Search/Results?q=ENSG00000239333"" target=""_blank"">ENSG00000239333</a>",RN7SL658P,1.7
"<a href=""https://www.ensembl.org/Multi/Search/Results?q=ENSG00000100934"" target=""_blank"">ENSG00000100934</a>",SEC23A,1.7
"<a href=""https://www.ensembl.org/Multi/Search/Results?q=ENSG00000200026"" target=""_blank"">ENSG00000200026</a>",U8,1.7
"<a href=""https://www.ensembl.org/Multi/Search/Results?q=ENSG00000246263"" target=""_blank"">ENSG00000246263</a>",UBR5-DT,1.7
"<a href=""https://www.ensembl.org/Multi/Search/Results?q=ENSG00000144909"" target=""_blank"">ENSG00000144909</a>",OSBPL11,1.7
"<a href=""https://www.ensembl.org/Multi/Search/Results?q=ENSG00000207702"" target=""_blank"">ENSG00000207702</a>",MIR211,1.7
"<a href=""https://www.ensembl.org/Multi/Search/Results?q=ENSG00000143702"" target=""_blank"">ENSG00000143702</a>",CEP170,1.7
"<a href=""https://www.ensembl.org/Multi/Search/Results?q=ENSG00000207306"" target=""_blank"">ENSG00000207306</a>",RNU6-1152P,1.7
"<a href=""https://www.ensembl.org/Multi/Search/Results?q=ENSG00000207092"" target=""_blank"">ENSG00000207092</a>",Y_RNA,1.7
"<a href=""https://www.ensembl.org/Multi/Search/Results?q=ENSG00000110700"" target=""_blank"">ENSG00000110700</a>",RPS13,1.7
"<a href=""https://www.ensembl.org/Multi/Search/Results?q=ENSG00000198336"" target=""_blank"">ENSG00000198336</a>",MYL4,1.7
"<a href=""https://www.ensembl.org/Multi/Search/Results?q=ENSG00000249910"" target=""_blank"">ENSG00000249910</a>",TRIM51CP,1.7
"<a href=""https://www.ensembl.org/Multi/Search/Results?q=ENSG00000251781"" target=""_blank"">ENSG00000251781</a>",RNA5SP356,1.7
"<a href=""https://www.ensembl.org/Multi/Search/Results?q=ENSG00000196123"" target=""_blank"">ENSG00000196123</a>",MATCAP1,1.7
"<a href=""https://www.ensembl.org/Multi/Search/Results?q=ENSG00000119711"" target=""_blank"">ENSG00000119711</a>",ALDH6A1,1.7
"<a href=""https://www.ensembl.org/Multi/Search/Results?q=ENSG00000252292"" target=""_blank"">ENSG00000252292</a>",RN7SKP238,1.7
"<a href=""https://www.ensembl.org/Multi/Search/Results?q=ENSG00000198301"" target=""_blank"">ENSG00000198301</a>",SDAD1,1.7
"<a href=""https://www.ensembl.org/Multi/Search/Results?q=ENSG00000167767"" target=""_blank"">ENSG00000167767</a>",KRT80,1.7
"<a href=""https://www.ensembl.org/Multi/Search/Results?q=ENSG00000197532"" target=""_blank"">ENSG00000197532</a>",OR6Y1,1.7
"<a href=""https://www.ensembl.org/Multi/Search/Results?q=ENSG00000231924"" target=""_blank"">ENSG00000231924</a>",PSG1,1.7
"<a href=""https://www.ensembl.org/Multi/Search/Results?q=ENSG00000163634"" target=""_blank"">ENSG00000163634</a>",THOC7,1.7
"<a href=""https://www.ensembl.org/Multi/Search/Results?q=ENSG00000187173"" target=""_blank"">ENSG00000187173</a>",LCE2A,1.7
"<a href=""https://www.ensembl.org/Multi/Search/Results?q=ENSG00000198252"" target=""_blank"">ENSG00000198252</a>",STYX,1.7
"<a href=""https://www.ensembl.org/Multi/Search/Results?q=ENSG00000134769"" target=""_blank"">ENSG00000134769</a>",DTNA,1.7
"<a href=""https://www.ensembl.org/Multi/Search/Results?q=ENSG00000165669"" target=""_blank"">ENSG00000165669</a>",FAM204A,1.7
"<a href=""https://www.ensembl.org/Multi/Search/Results?q=ENSG00000184160"" target=""_blank"">ENSG00000184160</a>",ADRA2C,1.7
"<a href=""https://www.ensembl.org/Multi/Search/Results?q=ENSG00000137269"" target=""_blank"">ENSG00000137269</a>",LRRC1,1.7
"<a href=""https://www.ensembl.org/Multi/Search/Results?q=ENSG00000124900"" target=""_blank"">ENSG00000124900</a>",TRIM51,1.7
"<a href=""https://www.ensembl.org/Multi/Search/Results?q=ENSG00000166432"" target=""_blank"">ENSG00000166432</a>",ZMAT1,1.7
"<a href=""https://www.ensembl.org/Multi/Search/Results?q=ENSG00000136002"" target=""_blank"">ENSG00000136002</a>",ARHGEF4,1.7
"<a href=""https://www.ensembl.org/Multi/Search/Results?q=ENSG00000113597"" target=""_blank"">ENSG00000113597</a>",TRAPPC13,1.7
"<a href=""https://www.ensembl.org/Multi/Search/Results?q=ENSG00000115084"" target=""_blank"">ENSG00000115084</a>",SLC35F5,1.7
"<a href=""https://www.ensembl.org/Multi/Search/Results?q=ENSG00000115009"" target=""_blank"">ENSG00000115009</a>",CCL20,1.7
"<a href=""https://www.ensembl.org/Multi/Search/Results?q=ENSG00000117620"" target=""_blank"">ENSG00000117620</a>",SLC35A3,1.7
"<a href=""https://www.ensembl.org/Multi/Search/Results?q=ENSG00000186472"" target=""_blank"">ENSG00000186472</a>",PCLO,1.7
"<a href=""https://www.ensembl.org/Multi/Search/Results?q=ENSG00000200526"" target=""_blank"">ENSG00000200526</a>",RNY4P14,1.7
"<a href=""https://www.ensembl.org/Multi/Search/Results?q=ENSG00000202241"" target=""_blank"">ENSG00000202241</a>",RN7SKP186,1.7
"<a href=""https://www.ensembl.org/Multi/Search/Results?q=ENSG00000148136"" target=""_blank"">ENSG00000148136</a>",OR13C4,1.7
"<a href=""https://www.ensembl.org/Multi/Search/Results?q=ENSG00000052723"" target=""_blank"">ENSG00000052723</a>",SIKE1,1.7
"<a href=""https://www.ensembl.org/Multi/Search/Results?q=ENSG00000263740"" target=""_blank"">ENSG00000263740</a>",RN7SL4P,1.7
"<a href=""https://www.ensembl.org/Multi/Search/Results?q=ENSG00000159596"" target=""_blank"">ENSG00000159596</a>",TMEM69,1.7
"<a href=""https://www.ensembl.org/Multi/Search/Results?q=ENSG00000162600"" target=""_blank"">ENSG00000162600</a>",OMA1,1.7
"<a href=""https://www.ensembl.org/Multi/Search/Results?q=ENSG00000154277"" target=""_blank"">ENSG00000154277</a>",UCHL1,1.7
"<a href=""https://www.ensembl.org/Multi/Search/Results?q=ENSG00000019102"" target=""_blank"">ENSG00000019102</a>",VSIG2,1.7
"<a href=""https://www.ensembl.org/Multi/Search/Results?q=ENSG00000095574"" target=""_blank"">ENSG00000095574</a>",IKZF5,1.7
"<a href=""https://www.ensembl.org/Multi/Search/Results?q=ENSG00000205439"" target=""_blank"">ENSG00000205439</a>",KRTAP12-3,1.7
"<a href=""https://www.ensembl.org/Multi/Search/Results?q=ENSG00000205497"" target=""_blank"">ENSG00000205497</a>",OR51A4,1.7
"<a href=""https://www.ensembl.org/Multi/Search/Results?q=ENSG00000168124"" target=""_blank"">ENSG00000168124</a>",OR1F1,1.6
"<a href=""https://www.ensembl.org/Multi/Search/Results?q=ENSG00000180667"" target=""_blank"">ENSG00000180667</a>",YOD1,1.6
"<a href=""https://www.ensembl.org/Multi/Search/Results?q=ENSG00000181234"" target=""_blank"">ENSG00000181234</a>",TMEM132C,1.6
"<a href=""https://www.ensembl.org/Multi/Search/Results?q=ENSG00000174944"" target=""_blank"">ENSG00000174944</a>",P2RY14,1.6
"<a href=""https://www.ensembl.org/Multi/Search/Results?q=ENSG00000179546"" target=""_blank"">ENSG00000179546</a>",HTR1D,1.6
"<a href=""https://www.ensembl.org/Multi/Search/Results?q=ENSG00000222969"" target=""_blank"">ENSG00000222969</a>",RN7SKP8,1.6
"<a href=""https://www.ensembl.org/Multi/Search/Results?q=ENSG00000222743"" target=""_blank"">ENSG00000222743</a>",RNU6-1190P,1.6
"<a href=""https://www.ensembl.org/Multi/Search/Results?q=ENSG00000177551"" target=""_blank"">ENSG00000177551</a>",NHLH2,1.6
"<a href=""https://www.ensembl.org/Multi/Search/Results?q=ENSG00000222404"" target=""_blank"">ENSG00000222404</a>",RN7SKP281,1.6
"<a href=""https://www.ensembl.org/Multi/Search/Results?q=ENSG00000207073"" target=""_blank"">ENSG00000207073</a>",Y_RNA,1.6
"<a href=""https://www.ensembl.org/Multi/Search/Results?q=ENSG00000203855"" target=""_blank"">ENSG00000203855</a>",HSD3BP4,1.6
"<a href=""https://www.ensembl.org/Multi/Search/Results?q=ENSG00000204479"" target=""_blank"">ENSG00000204479</a>",PRAMEF17,1.6
"<a href=""https://www.ensembl.org/Multi/Search/Results?q=ENSG00000206765"" target=""_blank"">ENSG00000206765</a>",RNU6-203P,1.6
"<a href=""https://www.ensembl.org/Multi/Search/Results?q=ENSG00000206768"" target=""_blank"">ENSG00000206768</a>",Y_RNA,1.6
"<a href=""https://www.ensembl.org/Multi/Search/Results?q=ENSG00000206780"" target=""_blank"">ENSG00000206780</a>",SNORA75B,1.6
"<a href=""https://www.ensembl.org/Multi/Search/Results?q=ENSG00000206695"" target=""_blank"">ENSG00000206695</a>",RNU6-442P,1.6
"<a href=""https://www.ensembl.org/Multi/Search/Results?q=ENSG00000068650"" target=""_blank"">ENSG00000068650</a>",ATP11A,1.6
"<a href=""https://www.ensembl.org/Multi/Search/Results?q=ENSG00000172324"" target=""_blank"">ENSG00000172324</a>",OR5A2,1.6
"<a href=""https://www.ensembl.org/Multi/Search/Results?q=ENSG00000170542"" target=""_blank"">ENSG00000170542</a>",SERPINB9,1.6
"<a href=""https://www.ensembl.org/Multi/Search/Results?q=ENSG00000122176"" target=""_blank"">ENSG00000122176</a>",FMOD,1.6
"<a href=""https://www.ensembl.org/Multi/Search/Results?q=ENSG00000271394"" target=""_blank"">ENSG00000271394</a>",7SK,1.6
"<a href=""https://www.ensembl.org/Multi/Search/Results?q=ENSG00000267259"" target=""_blank"">ENSG00000267259</a>",ERVE-1,1.6
"<a href=""https://www.ensembl.org/Multi/Search/Results?q=ENSG00000142611"" target=""_blank"">ENSG00000142611</a>",PRDM16,1.6
"<a href=""https://www.ensembl.org/Multi/Search/Results?q=ENSG00000272253"" target=""_blank"">ENSG00000272253</a>",RNA5SP386,1.6
"<a href=""https://www.ensembl.org/Multi/Search/Results?q=ENSG00000139323"" target=""_blank"">ENSG00000139323</a>",POC1B,1.6
"<a href=""https://www.ensembl.org/Multi/Search/Results?q=ENSG00000169313"" target=""_blank"">ENSG00000169313</a>",P2RY12,1.6
"<a href=""https://www.ensembl.org/Multi/Search/Results?q=ENSG00000169031"" target=""_blank"">ENSG00000169031</a>",COL4A3,1.6
"<a href=""https://www.ensembl.org/Multi/Search/Results?q=ENSG00000168675"" target=""_blank"">ENSG00000168675</a>",LDLRAD4,1.6
"<a href=""https://www.ensembl.org/Multi/Search/Results?q=ENSG00000170367"" target=""_blank"">ENSG00000170367</a>",CST5,1.6
"<a href=""https://www.ensembl.org/Multi/Search/Results?q=ENSG00000164900"" target=""_blank"">ENSG00000164900</a>",GBX1,1.6
"<a href=""https://www.ensembl.org/Multi/Search/Results?q=ENSG00000164902"" target=""_blank"">ENSG00000164902</a>",PHAX,1.6
"<a href=""https://www.ensembl.org/Multi/Search/Results?q=ENSG00000169474"" target=""_blank"">ENSG00000169474</a>",SPRR1A,1.6
"<a href=""https://www.ensembl.org/Multi/Search/Results?q=ENSG00000165238"" target=""_blank"">ENSG00000165238</a>",WNK2,1.6
"<a href=""https://www.ensembl.org/Multi/Search/Results?q=ENSG00000177683"" target=""_blank"">ENSG00000177683</a>",THAP5,1.6
"<a href=""https://www.ensembl.org/Multi/Search/Results?q=ENSG00000215790"" target=""_blank"">ENSG00000215790</a>",SLC35E2A,1.6
"<a href=""https://www.ensembl.org/Multi/Search/Results?q=ENSG00000176893"" target=""_blank"">ENSG00000176893</a>",OR51G2,1.6
"<a href=""https://www.ensembl.org/Multi/Search/Results?q=ENSG00000121350"" target=""_blank"">ENSG00000121350</a>",PYROXD1,1.6
"<a href=""https://www.ensembl.org/Multi/Search/Results?q=ENSG00000182841"" target=""_blank"">ENSG00000182841</a>",RRP7BP,1.6
"<a href=""https://www.ensembl.org/Multi/Search/Results?q=ENSG00000182919"" target=""_blank"">ENSG00000182919</a>",C11orf54,1.6
"<a href=""https://www.ensembl.org/Multi/Search/Results?q=ENSG00000183696"" target=""_blank"">ENSG00000183696</a>",UPP1,1.6
"<a href=""https://www.ensembl.org/Multi/Search/Results?q=ENSG00000185479"" target=""_blank"">ENSG00000185479</a>",KRT6B,1.6
"<a href=""https://www.ensembl.org/Multi/Search/Results?q=ENSG00000186226"" target=""_blank"">ENSG00000186226</a>",LCE1E,1.6
"<a href=""https://www.ensembl.org/Multi/Search/Results?q=ENSG00000138759"" target=""_blank"">ENSG00000138759</a>",FRAS1,1.6
"<a href=""https://www.ensembl.org/Multi/Search/Results?q=ENSG00000138231"" target=""_blank"">ENSG00000138231</a>",DBR1,1.6
"<a href=""https://www.ensembl.org/Multi/Search/Results?q=ENSG00000189143"" target=""_blank"">ENSG00000189143</a>",CLDN4,1.6
"<a href=""https://www.ensembl.org/Multi/Search/Results?q=ENSG00000125398"" target=""_blank"">ENSG00000125398</a>",SOX9,1.6
"<a href=""https://www.ensembl.org/Multi/Search/Results?q=ENSG00000127083"" target=""_blank"">ENSG00000127083</a>",OMD,1.6
"<a href=""https://www.ensembl.org/Multi/Search/Results?q=ENSG00000126773"" target=""_blank"">ENSG00000126773</a>",PCNX4,1.6
"<a href=""https://www.ensembl.org/Multi/Search/Results?q=ENSG00000212605"" target=""_blank"">ENSG00000212605</a>",RNU1-56P,1.6
"<a href=""https://www.ensembl.org/Multi/Search/Results?q=ENSG00000213199"" target=""_blank"">ENSG00000213199</a>",ASIC3,1.6
"<a href=""https://www.ensembl.org/Multi/Search/Results?q=ENSG00000214021"" target=""_blank"">ENSG00000214021</a>",TTLL3,1.6
"<a href=""https://www.ensembl.org/Multi/Search/Results?q=ENSG00000213965"" target=""_blank"">ENSG00000213965</a>",NUDT19,1.6
"<a href=""https://www.ensembl.org/Multi/Search/Results?q=ENSG00000159212"" target=""_blank"">ENSG00000159212</a>",CLIC6,1.6
"<a href=""https://www.ensembl.org/Multi/Search/Results?q=ENSG00000207978"" target=""_blank"">ENSG00000207978</a>",MIR154,1.6
"<a href=""https://www.ensembl.org/Multi/Search/Results?q=ENSG00000198997"" target=""_blank"">ENSG00000198997</a>",MIR107,1.6
"<a href=""https://www.ensembl.org/Multi/Search/Results?q=ENSG00000199197"" target=""_blank"">ENSG00000199197</a>",RN7SKP72,1.6
"<a href=""https://www.ensembl.org/Multi/Search/Results?q=ENSG00000199471"" target=""_blank"">ENSG00000199471</a>",Y_RNA,1.6
"<a href=""https://www.ensembl.org/Multi/Search/Results?q=ENSG00000199905"" target=""_blank"">ENSG00000199905</a>",RNU6-492P,1.6
"<a href=""https://www.ensembl.org/Multi/Search/Results?q=ENSG00000196248"" target=""_blank"">ENSG00000196248</a>",OR10S1,1.6
"<a href=""https://www.ensembl.org/Multi/Search/Results?q=ENSG00000118785"" target=""_blank"">ENSG00000118785</a>",SPP1,1.6
"<a href=""https://www.ensembl.org/Multi/Search/Results?q=ENSG00000252950"" target=""_blank"">ENSG00000252950</a>",RNA5SP490,1.6
"<a href=""https://www.ensembl.org/Multi/Search/Results?q=ENSG00000251022"" target=""_blank"">ENSG00000251022</a>",THAP9-AS1,1.6
"<a href=""https://www.ensembl.org/Multi/Search/Results?q=ENSG00000164251"" target=""_blank"">ENSG00000164251</a>",F2RL1,1.6
"<a href=""https://www.ensembl.org/Multi/Search/Results?q=ENSG00000164694"" target=""_blank"">ENSG00000164694</a>",FNDC1,1.6
"<a href=""https://www.ensembl.org/Multi/Search/Results?q=ENSG00000188403"" target=""_blank"">ENSG00000188403</a>",IGHV1OR15-9,1.6
"<a href=""https://www.ensembl.org/Multi/Search/Results?q=ENSG00000163075"" target=""_blank"">ENSG00000163075</a>",CFAP221,1.6
"<a href=""https://www.ensembl.org/Multi/Search/Results?q=ENSG00000187955"" target=""_blank"">ENSG00000187955</a>",COL14A1,1.6
"<a href=""https://www.ensembl.org/Multi/Search/Results?q=ENSG00000198677"" target=""_blank"">ENSG00000198677</a>",SKIC3,1.6
"<a href=""https://www.ensembl.org/Multi/Search/Results?q=ENSG00000230601"" target=""_blank"">ENSG00000230601</a>",TEX48,1.6
"<a href=""https://www.ensembl.org/Multi/Search/Results?q=ENSG00000163453"" target=""_blank"">ENSG00000163453</a>",IGFBP7,1.6
"<a href=""https://www.ensembl.org/Multi/Search/Results?q=ENSG00000164181"" target=""_blank"">ENSG00000164181</a>",ELOVL7,1.6
"<a href=""https://www.ensembl.org/Multi/Search/Results?q=ENSG00000113389"" target=""_blank"">ENSG00000113389</a>",NPR3,1.6
"<a href=""https://www.ensembl.org/Multi/Search/Results?q=ENSG00000115966"" target=""_blank"">ENSG00000115966</a>",ATF2,1.6
"<a href=""https://www.ensembl.org/Multi/Search/Results?q=ENSG00000213398"" target=""_blank"">ENSG00000213398</a>",LCAT,1.6
"<a href=""https://www.ensembl.org/Multi/Search/Results?q=ENSG00000212214"" target=""_blank"">ENSG00000212214</a>",SNORA48B,1.6
"<a href=""https://www.ensembl.org/Multi/Search/Results?q=ENSG00000127993"" target=""_blank"">ENSG00000127993</a>",RBM48,1.6
"<a href=""https://www.ensembl.org/Multi/Search/Results?q=ENSG00000101695"" target=""_blank"">ENSG00000101695</a>",RNF125,1.6
"<a href=""https://www.ensembl.org/Multi/Search/Results?q=ENSG00000207240"" target=""_blank"">ENSG00000207240</a>",Y_RNA,1.6
"<a href=""https://www.ensembl.org/Multi/Search/Results?q=ENSG00000143768"" target=""_blank"">ENSG00000143768</a>",LEFTY2,1.6
"<a href=""https://www.ensembl.org/Multi/Search/Results?q=ENSG00000207391"" target=""_blank"">ENSG00000207391</a>",Y_RNA,1.6
"<a href=""https://www.ensembl.org/Multi/Search/Results?q=ENSG00000244066"" target=""_blank"">ENSG00000244066</a>",RN7SL148P,1.6
"<a href=""https://www.ensembl.org/Multi/Search/Results?q=ENSG00000243049"" target=""_blank"">ENSG00000243049</a>",RN7SL33P,1.6
"<a href=""https://www.ensembl.org/Multi/Search/Results?q=ENSG00000242019"" target=""_blank"">ENSG00000242019</a>",KIR3DL3,1.6
"<a href=""https://www.ensembl.org/Multi/Search/Results?q=ENSG00000244222"" target=""_blank"">ENSG00000244222</a>",OR7E121P,1.6
"<a href=""https://www.ensembl.org/Multi/Search/Results?q=ENSG00000207089"" target=""_blank"">ENSG00000207089</a>",RNU6-921P,1.6
"<a href=""https://www.ensembl.org/Multi/Search/Results?q=ENSG00000252978"" target=""_blank"">ENSG00000252978</a>",RN7SKP183,1.6
"<a href=""https://www.ensembl.org/Multi/Search/Results?q=ENSG00000159455"" target=""_blank"">ENSG00000159455</a>",LCE2B,1.6
"<a href=""https://www.ensembl.org/Multi/Search/Results?q=ENSG00000162601"" target=""_blank"">ENSG00000162601</a>",MYSM1,1.6
"<a href=""https://www.ensembl.org/Multi/Search/Results?q=ENSG00000108821"" target=""_blank"">ENSG00000108821</a>",COL1A1,1.6
"<a href=""https://www.ensembl.org/Multi/Search/Results?q=ENSG00000100697"" target=""_blank"">ENSG00000100697</a>",DICER1,1.6
"<a href=""https://www.ensembl.org/Multi/Search/Results?q=ENSG00000156009"" target=""_blank"">ENSG00000156009</a>",MAGEA8,1.6
"<a href=""https://www.ensembl.org/Multi/Search/Results?q=ENSG00000246223"" target=""_blank"">ENSG00000246223</a>",LINC01550,1.6
"<a href=""https://www.ensembl.org/Multi/Search/Results?q=ENSG00000146476"" target=""_blank"">ENSG00000146476</a>",ARMT1,1.6
"<a href=""https://www.ensembl.org/Multi/Search/Results?q=ENSG00000149968"" target=""_blank"">ENSG00000149968</a>",MMP3,1.6
"<a href=""https://www.ensembl.org/Multi/Search/Results?q=ENSG00000150594"" target=""_blank"">ENSG00000150594</a>",ADRA2A,1.6
"<a href=""https://www.ensembl.org/Multi/Search/Results?q=ENSG00000200238"" target=""_blank"">ENSG00000200238</a>",RNA5SP133,1.6
"<a href=""https://www.ensembl.org/Multi/Search/Results?q=ENSG00000201148"" target=""_blank"">ENSG00000201148</a>",RNA5SP42,1.6
"<a href=""https://www.ensembl.org/Multi/Search/Results?q=ENSG00000139233"" target=""_blank"">ENSG00000139233</a>",LLPH,1.6
"<a href=""https://www.ensembl.org/Multi/Search/Results?q=ENSG00000152580"" target=""_blank"">ENSG00000152580</a>",IGSF10,1.6
"<a href=""https://www.ensembl.org/Multi/Search/Results?q=ENSG00000201210"" target=""_blank"">ENSG00000201210</a>",RNA5SP139,1.6
"<a href=""https://www.ensembl.org/Multi/Search/Results?q=ENSG00000240173"" target=""_blank"">ENSG00000240173</a>",RN7SL771P,1.6
"<a href=""https://www.ensembl.org/Multi/Search/Results?q=ENSG00000240403"" target=""_blank"">ENSG00000240403</a>",KIR3DL2,1.6
"<a href=""https://www.ensembl.org/Multi/Search/Results?q=ENSG00000240474"" target=""_blank"">ENSG00000240474</a>",RN7SL116P,1.6
"<a href=""https://www.ensembl.org/Multi/Search/Results?q=ENSG00000241248"" target=""_blank"">ENSG00000241248</a>",RN7SL727P,1.6
"<a href=""https://www.ensembl.org/Multi/Search/Results?q=ENSG00000147894"" target=""_blank"">ENSG00000147894</a>",C9orf72,1.6
"<a href=""https://www.ensembl.org/Multi/Search/Results?q=ENSG00000147905"" target=""_blank"">ENSG00000147905</a>",ZCCHC7,1.6
"<a href=""https://www.ensembl.org/Multi/Search/Results?q=ENSG00000201023"" target=""_blank"">ENSG00000201023</a>",RNY3P11,1.6
"<a href=""https://www.ensembl.org/Multi/Search/Results?q=ENSG00000240014"" target=""_blank"">ENSG00000240014</a>",RN7SL254P,1.6
"<a href=""https://www.ensembl.org/Multi/Search/Results?q=ENSG00000078177"" target=""_blank"">ENSG00000078177</a>",N4BP2,1.6
"<a href=""https://www.ensembl.org/Multi/Search/Results?q=ENSG00000204701"" target=""_blank"">ENSG00000204701</a>",OR2J3,1.6
"<a href=""https://www.ensembl.org/Multi/Search/Results?q=ENSG00000239419"" target=""_blank"">ENSG00000239419</a>",RN7SL535P,1.6
"<a href=""https://www.ensembl.org/Multi/Search/Results?q=ENSG00000065518"" target=""_blank"">ENSG00000065518</a>",NDUFB4,1.6
"<a href=""https://www.ensembl.org/Multi/Search/Results?q=ENSG00000064313"" target=""_blank"">ENSG00000064313</a>",TAF2,1.6
"<a href=""https://www.ensembl.org/Multi/Search/Results?q=ENSG00000266467"" target=""_blank"">ENSG00000266467</a>",RN7SL220P,1.6
"<a href=""https://www.ensembl.org/Multi/Search/Results?q=ENSG00000010438"" target=""_blank"">ENSG00000010438</a>",PRSS3,1.6
"<a href=""https://www.ensembl.org/Multi/Search/Results?q=ENSG00000030066"" target=""_blank"">ENSG00000030066</a>",NUP160,1.6
"<a href=""https://www.ensembl.org/Multi/Search/Results?q=ENSG00000019505"" target=""_blank"">ENSG00000019505</a>",SYT13,1.5
"<a href=""https://www.ensembl.org/Multi/Search/Results?q=ENSG00000047188"" target=""_blank"">ENSG00000047188</a>",YTHDC2,1.5
"<a href=""https://www.ensembl.org/Multi/Search/Results?q=ENSG00000052802"" target=""_blank"">ENSG00000052802</a>",MSMO1,1.5
"<a href=""https://www.ensembl.org/Multi/Search/Results?q=ENSG00000066654"" target=""_blank"">ENSG00000066654</a>",THUMPD1,1.5
"<a href=""https://www.ensembl.org/Multi/Search/Results?q=ENSG00000074410"" target=""_blank"">ENSG00000074410</a>",CA12,1.5
"<a href=""https://www.ensembl.org/Multi/Search/Results?q=ENSG00000268104"" target=""_blank"">ENSG00000268104</a>",SLC6A14,1.5
"<a href=""https://www.ensembl.org/Multi/Search/Results?q=ENSG00000271814"" target=""_blank"">ENSG00000271814</a>",RN7SKP290,1.5
"<a href=""https://www.ensembl.org/Multi/Search/Results?q=ENSG00000272804"" target=""_blank"">ENSG00000272804</a>",KRTAP10-7,1.5
"<a href=""https://www.ensembl.org/Multi/Search/Results?q=ENSG00000273142"" target=""_blank"">ENSG00000273142</a>",LINC02604,1.5
"<a href=""https://www.ensembl.org/Multi/Search/Results?q=ENSG00000207044"" target=""_blank"">ENSG00000207044</a>",RNU6-1226P,1.5
"<a href=""https://www.ensembl.org/Multi/Search/Results?q=ENSG00000203795"" target=""_blank"">ENSG00000203795</a>",FAM24A,1.5
"<a href=""https://www.ensembl.org/Multi/Search/Results?q=ENSG00000204291"" target=""_blank"">ENSG00000204291</a>",COL15A1,1.5
"<a href=""https://www.ensembl.org/Multi/Search/Results?q=ENSG00000204544"" target=""_blank"">ENSG00000204544</a>",MUC21,1.5
"<a href=""https://www.ensembl.org/Multi/Search/Results?q=ENSG00000205495"" target=""_blank"">ENSG00000205495</a>",OR52J3,1.5
"<a href=""https://www.ensembl.org/Multi/Search/Results?q=ENSG00000205702"" target=""_blank"">ENSG00000205702</a>",CYP2D7,1.5
"<a href=""https://www.ensembl.org/Multi/Search/Results?q=ENSG00000201447"" target=""_blank"">ENSG00000201447</a>",RNA5SP509,1.5
"<a href=""https://www.ensembl.org/Multi/Search/Results?q=ENSG00000202188"" target=""_blank"">ENSG00000202188</a>",SNORD115-31,1.5
"<a href=""https://www.ensembl.org/Multi/Search/Results?q=ENSG00000202368"" target=""_blank"">ENSG00000202368</a>",Y_RNA,1.5
"<a href=""https://www.ensembl.org/Multi/Search/Results?q=ENSG00000200152"" target=""_blank"">ENSG00000200152</a>",RNU6-216P,1.5
"<a href=""https://www.ensembl.org/Multi/Search/Results?q=ENSG00000200325"" target=""_blank"">ENSG00000200325</a>",Y_RNA,1.5
"<a href=""https://www.ensembl.org/Multi/Search/Results?q=ENSG00000200521"" target=""_blank"">ENSG00000200521</a>",Y_RNA,1.5
"<a href=""https://www.ensembl.org/Multi/Search/Results?q=ENSG00000207744"" target=""_blank"">ENSG00000207744</a>",MIR10B,1.5
"<a href=""https://www.ensembl.org/Multi/Search/Results?q=ENSG00000199702"" target=""_blank"">ENSG00000199702</a>",RNU6-170P,1.5
"<a href=""https://www.ensembl.org/Multi/Search/Results?q=ENSG00000199836"" target=""_blank"">ENSG00000199836</a>",RNU1-47P,1.5
"<a href=""https://www.ensembl.org/Multi/Search/Results?q=ENSG00000199880"" target=""_blank"">ENSG00000199880</a>",RNU6-888P,1.5
"<a href=""https://www.ensembl.org/Multi/Search/Results?q=ENSG00000196151"" target=""_blank"">ENSG00000196151</a>",WDSUB1,1.5
"<a href=""https://www.ensembl.org/Multi/Search/Results?q=ENSG00000196224"" target=""_blank"">ENSG00000196224</a>",KRTAP5-3,1.5
"<a href=""https://www.ensembl.org/Multi/Search/Results?q=ENSG00000196967"" target=""_blank"">ENSG00000196967</a>",ZNF585A,1.5
"<a href=""https://www.ensembl.org/Multi/Search/Results?q=ENSG00000187118"" target=""_blank"">ENSG00000187118</a>",CMC1,1.5
"<a href=""https://www.ensembl.org/Multi/Search/Results?q=ENSG00000187754"" target=""_blank"">ENSG00000187754</a>",SSX7,1.5
"<a href=""https://www.ensembl.org/Multi/Search/Results?q=ENSG00000188581"" target=""_blank"">ENSG00000188581</a>",KRTAP1-1,1.5
"<a href=""https://www.ensembl.org/Multi/Search/Results?q=ENSG00000188811"" target=""_blank"">ENSG00000188811</a>",NHLRC3,1.5
"<a href=""https://www.ensembl.org/Multi/Search/Results?q=ENSG00000184224"" target=""_blank"">ENSG00000184224</a>",NDUFV1-DT,1.5
"<a href=""https://www.ensembl.org/Multi/Search/Results?q=ENSG00000185947"" target=""_blank"">ENSG00000185947</a>",ZNF267,1.5
"<a href=""https://www.ensembl.org/Multi/Search/Results?q=ENSG00000186767"" target=""_blank"">ENSG00000186767</a>",SPIN4,1.5
"<a href=""https://www.ensembl.org/Multi/Search/Results?q=ENSG00000210107"" target=""_blank"">ENSG00000210107</a>",MT-TQ,1.5
"<a href=""https://www.ensembl.org/Multi/Search/Results?q=ENSG00000210151"" target=""_blank"">ENSG00000210151</a>",MT-TS1,1.5
"<a href=""https://www.ensembl.org/Multi/Search/Results?q=ENSG00000212938"" target=""_blank"">ENSG00000212938</a>",KRTAP6-3,1.5
"<a href=""https://www.ensembl.org/Multi/Search/Results?q=ENSG00000179799"" target=""_blank"">ENSG00000179799</a>",OR7E22P,1.5
"<a href=""https://www.ensembl.org/Multi/Search/Results?q=ENSG00000180008"" target=""_blank"">ENSG00000180008</a>",SOCS4,1.5
"<a href=""https://www.ensembl.org/Multi/Search/Results?q=ENSG00000180090"" target=""_blank"">ENSG00000180090</a>",OR3A1,1.5
"<a href=""https://www.ensembl.org/Multi/Search/Results?q=ENSG00000180383"" target=""_blank"">ENSG00000180383</a>",DEFB124,1.5
"<a href=""https://www.ensembl.org/Multi/Search/Results?q=ENSG00000180596"" target=""_blank"">ENSG00000180596</a>",H2BC4,1.5
"<a href=""https://www.ensembl.org/Multi/Search/Results?q=ENSG00000176092"" target=""_blank"">ENSG00000176092</a>",CRYBG2,1.5
"<a href=""https://www.ensembl.org/Multi/Search/Results?q=ENSG00000176200"" target=""_blank"">ENSG00000176200</a>",OR4D11,1.5
"<a href=""https://www.ensembl.org/Multi/Search/Results?q=ENSG00000176358"" target=""_blank"">ENSG00000176358</a>",TAC4,1.5
"<a href=""https://www.ensembl.org/Multi/Search/Results?q=ENSG00000176742"" target=""_blank"">ENSG00000176742</a>",OR51V1,1.5
"<a href=""https://www.ensembl.org/Multi/Search/Results?q=ENSG00000216863"" target=""_blank"">ENSG00000216863</a>",LY86-AS1,1.5
"<a href=""https://www.ensembl.org/Multi/Search/Results?q=ENSG00000219545"" target=""_blank"">ENSG00000219545</a>",UMAD1,1.5
"<a href=""https://www.ensembl.org/Multi/Search/Results?q=ENSG00000221836"" target=""_blank"">ENSG00000221836</a>",OR2A5,1.5
"<a href=""https://www.ensembl.org/Multi/Search/Results?q=ENSG00000223087"" target=""_blank"">ENSG00000223087</a>",RNU6-602P,1.5
"<a href=""https://www.ensembl.org/Multi/Search/Results?q=ENSG00000170802"" target=""_blank"">ENSG00000170802</a>",FOXN2,1.5
"<a href=""https://www.ensembl.org/Multi/Search/Results?q=ENSG00000171863"" target=""_blank"">ENSG00000171863</a>",RPS7,1.5
"<a href=""https://www.ensembl.org/Multi/Search/Results?q=ENSG00000173335"" target=""_blank"">ENSG00000173335</a>",CST9,1.5
"<a href=""https://www.ensembl.org/Multi/Search/Results?q=ENSG00000174914"" target=""_blank"">ENSG00000174914</a>",OR9G1,1.5
"<a href=""https://www.ensembl.org/Multi/Search/Results?q=ENSG00000175398"" target=""_blank"">ENSG00000175398</a>",OR10P1,1.5
"<a href=""https://www.ensembl.org/Multi/Search/Results?q=ENSG00000169862"" target=""_blank"">ENSG00000169862</a>",CTNND2,1.5
"<a href=""https://www.ensembl.org/Multi/Search/Results?q=ENSG00000165124"" target=""_blank"">ENSG00000165124</a>",SVEP1,1.5
"<a href=""https://www.ensembl.org/Multi/Search/Results?q=ENSG00000165487"" target=""_blank"">ENSG00000165487</a>",MICU2,1.5
"<a href=""https://www.ensembl.org/Multi/Search/Results?q=ENSG00000166145"" target=""_blank"">ENSG00000166145</a>",SPINT1,1.5
"<a href=""https://www.ensembl.org/Multi/Search/Results?q=ENSG00000163811"" target=""_blank"">ENSG00000163811</a>",WDR43,1.5
"<a href=""https://www.ensembl.org/Multi/Search/Results?q=ENSG00000164073"" target=""_blank"">ENSG00000164073</a>",MFSD8,1.5
"<a href=""https://www.ensembl.org/Multi/Search/Results?q=ENSG00000164078"" target=""_blank"">ENSG00000164078</a>",MST1R,1.5
"<a href=""https://www.ensembl.org/Multi/Search/Results?q=ENSG00000164332"" target=""_blank"">ENSG00000164332</a>",UBLCP1,1.5
"<a href=""https://www.ensembl.org/Multi/Search/Results?q=ENSG00000164609"" target=""_blank"">ENSG00000164609</a>",SLU7,1.5
"<a href=""https://www.ensembl.org/Multi/Search/Results?q=ENSG00000228915"" target=""_blank"">ENSG00000228915</a>",OR7E128P,1.5
"<a href=""https://www.ensembl.org/Multi/Search/Results?q=ENSG00000230655"" target=""_blank"">ENSG00000230655</a>",OR7E55P,1.5
"<a href=""https://www.ensembl.org/Multi/Search/Results?q=ENSG00000231436"" target=""_blank"">ENSG00000231436</a>",RBMY3AP,1.5
"<a href=""https://www.ensembl.org/Multi/Search/Results?q=ENSG00000233827"" target=""_blank"">ENSG00000233827</a>",CCNQP1,1.5
"<a href=""https://www.ensembl.org/Multi/Search/Results?q=ENSG00000234444"" target=""_blank"">ENSG00000234444</a>",ZNF736,1.5
"<a href=""https://www.ensembl.org/Multi/Search/Results?q=ENSG00000156531"" target=""_blank"">ENSG00000156531</a>",PHF6,1.5
"<a href=""https://www.ensembl.org/Multi/Search/Results?q=ENSG00000157423"" target=""_blank"">ENSG00000157423</a>",HYDIN,1.5
"<a href=""https://www.ensembl.org/Multi/Search/Results?q=ENSG00000157869"" target=""_blank"">ENSG00000157869</a>",RAB28,1.5
"<a href=""https://www.ensembl.org/Multi/Search/Results?q=ENSG00000162366"" target=""_blank"">ENSG00000162366</a>",PDZK1IP1,1.5
"<a href=""https://www.ensembl.org/Multi/Search/Results?q=ENSG00000162813"" target=""_blank"">ENSG00000162813</a>",BPNT1,1.5
"<a href=""https://www.ensembl.org/Multi/Search/Results?q=ENSG00000152661"" target=""_blank"">ENSG00000152661</a>",GJA1,1.5
"<a href=""https://www.ensembl.org/Multi/Search/Results?q=ENSG00000153283"" target=""_blank"">ENSG00000153283</a>",CD96,1.5
"<a href=""https://www.ensembl.org/Multi/Search/Results?q=ENSG00000154760"" target=""_blank"">ENSG00000154760</a>",SLFN13,1.5
"<a href=""https://www.ensembl.org/Multi/Search/Results?q=ENSG00000156136"" target=""_blank"">ENSG00000156136</a>",DCK,1.5
"<a href=""https://www.ensembl.org/Multi/Search/Results?q=ENSG00000235908"" target=""_blank"">ENSG00000235908</a>",RHOA-IT1,1.5
"<a href=""https://www.ensembl.org/Multi/Search/Results?q=ENSG00000241229"" target=""_blank"">ENSG00000241229</a>",RN7SL443P,1.5
"<a href=""https://www.ensembl.org/Multi/Search/Results?q=ENSG00000147174"" target=""_blank"">ENSG00000147174</a>",GCNA,1.5
"<a href=""https://www.ensembl.org/Multi/Search/Results?q=ENSG00000147262"" target=""_blank"">ENSG00000147262</a>",GPR119,1.5
"<a href=""https://www.ensembl.org/Multi/Search/Results?q=ENSG00000148737"" target=""_blank"">ENSG00000148737</a>",TCF7L2,1.5
"<a href=""https://www.ensembl.org/Multi/Search/Results?q=ENSG00000151229"" target=""_blank"">ENSG00000151229</a>",SLC2A13,1.5
"<a href=""https://www.ensembl.org/Multi/Search/Results?q=ENSG00000151612"" target=""_blank"">ENSG00000151612</a>",ZNF827,1.5
"<a href=""https://www.ensembl.org/Multi/Search/Results?q=ENSG00000151657"" target=""_blank"">ENSG00000151657</a>",KIN,1.5
"<a href=""https://www.ensembl.org/Multi/Search/Results?q=ENSG00000151881"" target=""_blank"">ENSG00000151881</a>",TMEM267,1.5
"<a href=""https://www.ensembl.org/Multi/Search/Results?q=ENSG00000139329"" target=""_blank"">ENSG00000139329</a>",LUM,1.5
"<a href=""https://www.ensembl.org/Multi/Search/Results?q=ENSG00000141194"" target=""_blank"">ENSG00000141194</a>",OR4D1,1.5
"<a href=""https://www.ensembl.org/Multi/Search/Results?q=ENSG00000142675"" target=""_blank"">ENSG00000142675</a>",CNKSR1,1.5
"<a href=""https://www.ensembl.org/Multi/Search/Results?q=ENSG00000143443"" target=""_blank"">ENSG00000143443</a>",C1orf56,1.5
"<a href=""https://www.ensembl.org/Multi/Search/Results?q=ENSG00000143546"" target=""_blank"">ENSG00000143546</a>",S100A8,1.5
"<a href=""https://www.ensembl.org/Multi/Search/Results?q=ENSG00000144229"" target=""_blank"">ENSG00000144229</a>",THSD7B,1.5
"<a href=""https://www.ensembl.org/Multi/Search/Results?q=ENSG00000145431"" target=""_blank"">ENSG00000145431</a>",PDGFC,1.5
"<a href=""https://www.ensembl.org/Multi/Search/Results?q=ENSG00000243137"" target=""_blank"">ENSG00000243137</a>",PSG4,1.5
"<a href=""https://www.ensembl.org/Multi/Search/Results?q=ENSG00000243147"" target=""_blank"">ENSG00000243147</a>",MRPL33,1.5
"<a href=""https://www.ensembl.org/Multi/Search/Results?q=ENSG00000243782"" target=""_blank"">ENSG00000243782</a>",RN7SL78P,1.5
"<a href=""https://www.ensembl.org/Multi/Search/Results?q=ENSG00000244537"" target=""_blank"">ENSG00000244537</a>",KRTAP4-2,1.5
"<a href=""https://www.ensembl.org/Multi/Search/Results?q=ENSG00000244734"" target=""_blank"">ENSG00000244734</a>",HBB,1.5
"<a href=""https://www.ensembl.org/Multi/Search/Results?q=ENSG00000135070"" target=""_blank"">ENSG00000135070</a>",ISCA1,1.5
"<a href=""https://www.ensembl.org/Multi/Search/Results?q=ENSG00000138468"" target=""_blank"">ENSG00000138468</a>",SENP7,1.5
"<a href=""https://www.ensembl.org/Multi/Search/Results?q=ENSG00000138594"" target=""_blank"">ENSG00000138594</a>",TMOD3,1.5
"<a href=""https://www.ensembl.org/Multi/Search/Results?q=ENSG00000138756"" target=""_blank"">ENSG00000138756</a>",BMP2K,1.5
"<a href=""https://www.ensembl.org/Multi/Search/Results?q=ENSG00000129467"" target=""_blank"">ENSG00000129467</a>",ADCY4,1.5
"<a href=""https://www.ensembl.org/Multi/Search/Results?q=ENSG00000131876"" target=""_blank"">ENSG00000131876</a>",SNRPA1,1.5
"<a href=""https://www.ensembl.org/Multi/Search/Results?q=ENSG00000132549"" target=""_blank"">ENSG00000132549</a>",VPS13B,1.5
"<a href=""https://www.ensembl.org/Multi/Search/Results?q=ENSG00000123091"" target=""_blank"">ENSG00000123091</a>",RNF11,1.5
"<a href=""https://www.ensembl.org/Multi/Search/Results?q=ENSG00000124875"" target=""_blank"">ENSG00000124875</a>",CXCL6,1.5
"<a href=""https://www.ensembl.org/Multi/Search/Results?q=ENSG00000126803"" target=""_blank"">ENSG00000126803</a>",HSPA2,1.5
"<a href=""https://www.ensembl.org/Multi/Search/Results?q=ENSG00000112796"" target=""_blank"">ENSG00000112796</a>",ENPP5,1.5
"<a href=""https://www.ensembl.org/Multi/Search/Results?q=ENSG00000116903"" target=""_blank"">ENSG00000116903</a>",EXOC8,1.5
"<a href=""https://www.ensembl.org/Multi/Search/Results?q=ENSG00000252223"" target=""_blank"">ENSG00000252223</a>",RNU6-1049P,1.5
"<a href=""https://www.ensembl.org/Multi/Search/Results?q=ENSG00000106400"" target=""_blank"">ENSG00000106400</a>",ZNHIT1,1.5
"<a href=""https://www.ensembl.org/Multi/Search/Results?q=ENSG00000107362"" target=""_blank"">ENSG00000107362</a>",ABHD17B,1.5
"<a href=""https://www.ensembl.org/Multi/Search/Results?q=ENSG00000107679"" target=""_blank"">ENSG00000107679</a>",PLEKHA1,1.5
"<a href=""https://www.ensembl.org/Multi/Search/Results?q=ENSG00000107897"" target=""_blank"">ENSG00000107897</a>",ACBD5,1.5
"<a href=""https://www.ensembl.org/Multi/Search/Results?q=ENSG00000107951"" target=""_blank"">ENSG00000107951</a>",MTPAP,1.5
"<a href=""https://www.ensembl.org/Multi/Search/Results?q=ENSG00000108602"" target=""_blank"">ENSG00000108602</a>",ALDH3A1,1.5
"<a href=""https://www.ensembl.org/Multi/Search/Results?q=ENSG00000110455"" target=""_blank"">ENSG00000110455</a>",ACCS,1.5
"<a href=""https://www.ensembl.org/Multi/Search/Results?q=ENSG00000110768"" target=""_blank"">ENSG00000110768</a>",GTF2H1,1.5
"<a href=""https://www.ensembl.org/Multi/Search/Results?q=ENSG00000101166"" target=""_blank"">ENSG00000101166</a>",PRELID3B,1.5
"<a href=""https://www.ensembl.org/Multi/Search/Results?q=ENSG00000102195"" target=""_blank"">ENSG00000102195</a>",GPR50,1.5
"<a href=""https://www.ensembl.org/Multi/Search/Results?q=ENSG00000102837"" target=""_blank"">ENSG00000102837</a>",OLFM4,1.5
"<a href=""https://www.ensembl.org/Multi/Search/Results?q=ENSG00000104497"" target=""_blank"">ENSG00000104497</a>",SNX16,1.5
"<a href=""https://www.ensembl.org/Multi/Search/Results?q=ENSG00000104826"" target=""_blank"">ENSG00000104826</a>",LHB,1.5
"<a href=""https://www.ensembl.org/Multi/Search/Results?q=ENSG00000078018"" target=""_blank"">ENSG00000078018</a>",MAP2,1.5
"<a href=""https://www.ensembl.org/Multi/Search/Results?q=ENSG00000082258"" target=""_blank"">ENSG00000082258</a>",CCNT2,1.5
"<a href=""https://www.ensembl.org/Multi/Search/Results?q=ENSG00000083307"" target=""_blank"">ENSG00000083307</a>",GRHL2,1.5
"<a href=""https://www.ensembl.org/Multi/Search/Results?q=ENSG00000087250"" target=""_blank"">ENSG00000087250</a>",MT3,1.5
"<a href=""https://www.ensembl.org/Multi/Search/Results?q=ENSG00000088970"" target=""_blank"">ENSG00000088970</a>",KIZ,1.5
"<a href=""https://www.ensembl.org/Multi/Search/Results?q=ENSG00000095627"" target=""_blank"">ENSG00000095627</a>",TDRD1,1.5
"<a href=""https://www.ensembl.org/Multi/Search/Results?q=ENSG00000255150"" target=""_blank"">ENSG00000255150</a>",EID3,1.5
"<a href=""https://www.ensembl.org/Multi/Search/Results?q=ENSG00000258573"" target=""_blank"">ENSG00000258573</a>",RNASE11-AS1,1.5
"<a href=""https://www.ensembl.org/Multi/Search/Results?q=ENSG00000262188"" target=""_blank"">ENSG00000262188</a>",LINC01978,1.5
"<a href=""https://www.ensembl.org/Multi/Search/Results?q=ENSG00000284701"" target=""_blank"">ENSG00000284701</a>",TMEM247,1.5
"<a href=""https://www.ensembl.org/Multi/Search/Results?q=ENSG00000008952"" target=""_blank"">ENSG00000008952</a>",SEC62,1.5
